{
  "last_run": "2026-02-28 22:52:35",
  "run_number": 4,
  "project_metrics_by_k": {
    "3": {
      "precision": 0.31111111111111106,
      "recall": 0.09333333333333337,
      "map": 0.20740740740740737,
      "ndcg": 0.3102404246590812,
      "alpha_ndcg": 0.5457699990045412,
      "ild": 0.8818518518518519,
      "mrr": 0.5506349206349206
    },
    "5": {
      "precision": 0.3333333333333333,
      "recall": 0.16666666666666666,
      "map": 0.19644444444444445,
      "ndcg": 0.3243995949402534,
      "alpha_ndcg": 0.6389465702445818,
      "ild": 0.8473333333333334,
      "mrr": 0.5506349206349206
    },
    "7": {
      "precision": 0.3047619047619047,
      "recall": 0.21333333333333337,
      "map": 0.16843537414965984,
      "ndcg": 0.3060911306771924,
      "alpha_ndcg": 0.6862619959242394,
      "ild": 0.8269841269841269,
      "mrr": 0.5506349206349206
    },
    "10": {
      "precision": 0.3333333333333333,
      "recall": 0.3333333333333333,
      "map": 0.1739047619047619,
      "ndcg": 0.32494707852452687,
      "alpha_ndcg": 0.7256730379151382,
      "ild": 0.8065925925925926,
      "mrr": 0.5506349206349206
    }
  },
  "interest_metrics_by_k": {
    "1": {
      "precision": 0.5333333333333333,
      "recall": 0.1711111111111111,
      "ndcg": 0.5333333333333333,
      "mrr": 0.6444444444444444
    },
    "3": {
      "precision": 0.4666666666666667,
      "recall": 0.4311111111111111,
      "ndcg": 0.5340327790277909,
      "mrr": 0.6444444444444444
    }
  },
  "application_metrics_by_k": {
    "1": {
      "precision": 0.4,
      "recall": 0.14074074074074075,
      "ndcg": 0.4,
      "mrr": 0.6333333333333333
    },
    "3": {
      "precision": 0.4444444444444444,
      "recall": 0.42999999999999994,
      "ndcg": 0.49529724615278015,
      "mrr": 0.6333333333333333
    }
  },
  "rdia_metrics": {
    "accuracy": 0.4166666666666667,
    "f1": 0.4166666666666667,
    "mrr": 0.7333333333333333
  },
  "catalog_coverage": 0.6976744186046512,
  "unique_recommended": 30,
  "intersection_with_projects": 30,
  "total_projects_in_folder": 43
}