{
  "last_run": "2026-03-03 14:50:32",
  "run_number": 11,
  "project_metrics_by_k": {
    "3": {
      "precision": 0.5111111111111111,
      "recall": 0.15333333333333335,
      "map": 0.4407407407407407,
      "ndcg": 0.5094983694053098,
      "alpha_ndcg": 0.6555502758333401,
      "ild": 0.7811111111111111,
      "mrr": 0.6685185185185184
    },
    "5": {
      "precision": 0.4533333333333333,
      "recall": 0.22666666666666666,
      "map": 0.3791111111111111,
      "ndcg": 0.4693994912409967,
      "alpha_ndcg": 0.7307339329356721,
      "ild": 0.7695555555555555,
      "mrr": 0.6685185185185184
    },
    "7": {
      "precision": 0.4380952380952381,
      "recall": 0.30666666666666664,
      "map": 0.34018140589569157,
      "ndcg": 0.4558264594132967,
      "alpha_ndcg": 0.7720873165234744,
      "ild": 0.7736507936507937,
      "mrr": 0.6685185185185184
    },
    "10": {
      "precision": 0.3933333333333334,
      "recall": 0.3933333333333334,
      "map": 0.2770343915343915,
      "ndcg": 0.42254268180457116,
      "alpha_ndcg": 0.8248731081593521,
      "ild": 0.7618518518518519,
      "mrr": 0.6685185185185184
    }
  },
  "interest_metrics_by_k": {
    "1": {
      "precision": 0.6,
      "recall": 0.2,
      "ndcg": 0.6,
      "mrr": 0.7555555555555554
    },
    "3": {
      "precision": 0.4888888888888889,
      "recall": 0.4888888888888889,
      "ndcg": 0.5094983694053098,
      "mrr": 0.7555555555555554
    }
  },
  "application_metrics_by_k": {
    "1": {
      "precision": 0.4,
      "recall": 0.13333333333333333,
      "ndcg": 0.4,
      "mrr": 0.6222222222222221
    },
    "3": {
      "precision": 0.4444444444444445,
      "recall": 0.4444444444444445,
      "ndcg": 0.43947758812878196,
      "mrr": 0.6222222222222221
    }
  },
  "rdia_metrics": {
    "hit_rate": 1.0,
    "rank": 1.8,
    "mrr": 0.6944444444444444
  },
  "catalog_coverage": 0.9767441860465116,
  "unique_recommended": 42,
  "intersection_with_projects": 42,
  "total_projects_in_folder": 43
}