{
  "last_run": "2026-02-28 23:15:40",
  "run_number": 5,
  "project_metrics_by_k": {
    "3": {
      "precision": 0.35555555555555546,
      "recall": 0.10666666666666669,
      "map": 0.2814814814814815,
      "ndcg": 0.39590383013636754,
      "alpha_ndcg": 0.4882713566473967,
      "ild": 0.8937037037037039,
      "mrr": 0.7155555555555556
    },
    "5": {
      "precision": 0.3333333333333333,
      "recall": 0.16666666666666666,
      "map": 0.2275555555555556,
      "ndcg": 0.3698076888689928,
      "alpha_ndcg": 0.6133946225932062,
      "ild": 0.847,
      "mrr": 0.7155555555555556
    },
    "7": {
      "precision": 0.3047619047619047,
      "recall": 0.21333333333333337,
      "map": 0.1949659863945578,
      "ndcg": 0.3441501447225904,
      "alpha_ndcg": 0.6602379523463708,
      "ild": 0.8293121693121693,
      "mrr": 0.7155555555555556
    },
    "10": {
      "precision": 0.3466666666666667,
      "recall": 0.3466666666666667,
      "map": 0.193531746031746,
      "ndcg": 0.36432706538389514,
      "alpha_ndcg": 0.703656915197355,
      "ild": 0.8063209876543209,
      "mrr": 0.7155555555555556
    }
  },
  "interest_metrics_by_k": {
    "1": {
      "precision": 0.6,
      "recall": 0.19333333333333333,
      "ndcg": 0.6,
      "mrr": 0.7
    },
    "3": {
      "precision": 0.4444444444444445,
      "recall": 0.40555555555555556,
      "ndcg": 0.5204884919104051,
      "mrr": 0.7
    }
  },
  "application_metrics_by_k": {
    "1": {
      "precision": 0.6,
      "recall": 0.22962962962962966,
      "ndcg": 0.6,
      "mrr": 0.7555555555555554
    },
    "3": {
      "precision": 0.42222222222222217,
      "recall": 0.44703703703703707,
      "ndcg": 0.5389012349755528,
      "mrr": 0.7555555555555554
    }
  },
  "rdia_metrics": {
    "accuracy": 0.4166666666666667,
    "f1": 0.4166666666666667,
    "mrr": 0.7333333333333333
  },
  "catalog_coverage": 0.7674418604651163,
  "unique_recommended": 33,
  "intersection_with_projects": 33,
  "total_projects_in_folder": 43
}