{
  "last_run": "2026-03-02 23:37:57",
  "run_number": 7,
  "project_metrics_by_k": {
    "3": {
      "precision": 0.5333333333333333,
      "recall": 0.16,
      "map": 0.47407407407407404,
      "ndcg": 0.5333333333333333,
      "alpha_ndcg": 0.49316732943084474,
      "ild": 0.7670370370370369,
      "mrr": 0.6788888888888889
    },
    "5": {
      "precision": 0.45333333333333337,
      "recall": 0.22666666666666668,
      "map": 0.3804444444444445,
      "ndcg": 0.4768877630402995,
      "alpha_ndcg": 0.5662943956853214,
      "ild": 0.7668888888888888,
      "mrr": 0.6788888888888889
    },
    "7": {
      "precision": 0.45714285714285713,
      "recall": 0.32000000000000006,
      "map": 0.3538321995464852,
      "ndcg": 0.47495047309755717,
      "alpha_ndcg": 0.6365260888555241,
      "ild": 0.7654497354497355,
      "mrr": 0.6788888888888889
    },
    "10": {
      "precision": 0.3866666666666667,
      "recall": 0.3866666666666667,
      "map": 0.28040476190476193,
      "ndcg": 0.42481611555824383,
      "alpha_ndcg": 0.6679876142944494,
      "ild": 0.7646172839506175,
      "mrr": 0.6788888888888889
    }
  },
  "interest_metrics_by_k": {
    "1": {
      "precision": 0.4666666666666667,
      "recall": 0.15777777777777777,
      "ndcg": 0.4666666666666667,
      "mrr": 0.6444444444444444
    },
    "3": {
      "precision": 0.4666666666666667,
      "recall": 0.4184126984126984,
      "ndcg": 0.5224863246906648,
      "mrr": 0.6444444444444444
    }
  },
  "application_metrics_by_k": {
    "1": {
      "precision": 0.4666666666666667,
      "recall": 0.17407407407407405,
      "ndcg": 0.4666666666666667,
      "mrr": 0.6888888888888888
    },
    "3": {
      "precision": 0.4888888888888888,
      "recall": 0.5133333333333333,
      "ndcg": 0.5639919764300646,
      "mrr": 0.6888888888888888
    }
  },
  "rdia_metrics": {
    "accuracy": 0.6444444444444444,
    "f1": 0.6444444444444444,
    "mrr": 0.7333333333333333
  },
  "catalog_coverage": 0.9767441860465116,
  "unique_recommended": 42,
  "intersection_with_projects": 42,
  "total_projects_in_folder": 43
}