{
  "last_run": "2026-03-02 02:05:28",
  "run_number": 5,
  "project_metrics_by_k": {
    "3": {
      "precision": 0.4888888888888889,
      "recall": 0.14666666666666667,
      "map": 0.4407407407407407,
      "ndcg": 0.49795191506818365,
      "alpha_ndcg": 0.5047567381765939,
      "ild": 0.75,
      "mrr": 0.6622222222222223
    },
    "5": {
      "precision": 0.45333333333333337,
      "recall": 0.22666666666666668,
      "map": 0.37177777777777776,
      "ndcg": 0.4698015670392136,
      "alpha_ndcg": 0.5872644170829454,
      "ild": 0.7575555555555555,
      "mrr": 0.6622222222222223
    },
    "7": {
      "precision": 0.4476190476190476,
      "recall": 0.31333333333333335,
      "map": 0.3449206349206349,
      "ndcg": 0.4630990201799202,
      "alpha_ndcg": 0.6508816319383818,
      "ild": 0.7689947089947091,
      "mrr": 0.6622222222222223
    },
    "10": {
      "precision": 0.39333333333333337,
      "recall": 0.39333333333333337,
      "map": 0.2768888888888889,
      "ndcg": 0.42437242744360276,
      "alpha_ndcg": 0.6793058266267551,
      "ild": 0.7600246913580249,
      "mrr": 0.6622222222222223
    }
  },
  "interest_metrics_by_k": {
    "1": {
      "precision": 0.5333333333333333,
      "recall": 0.1711111111111111,
      "ndcg": 0.5333333333333333,
      "mrr": 0.6444444444444444
    },
    "3": {
      "precision": 0.4666666666666667,
      "recall": 0.4311111111111111,
      "ndcg": 0.5340327790277909,
      "mrr": 0.6444444444444444
    }
  },
  "application_metrics_by_k": {
    "1": {
      "precision": 0.4,
      "recall": 0.14074074074074075,
      "ndcg": 0.4,
      "mrr": 0.6333333333333333
    },
    "3": {
      "precision": 0.4444444444444444,
      "recall": 0.42999999999999994,
      "ndcg": 0.49529724615278015,
      "mrr": 0.6333333333333333
    }
  },
  "rdia_metrics": {
    "accuracy": 0.4166666666666667,
    "f1": 0.4166666666666667,
    "mrr": 0.7333333333333333
  },
  "catalog_coverage": 0.9534883720930233,
  "unique_recommended": 41,
  "intersection_with_projects": 41,
  "total_projects_in_folder": 43
}