{
    "timestamp": "2026-03-03 03:04:00",
    "project_metrics_by_k": {
      "3": {
        "precision": 0.5111111111111111,
        "recall": 0.15333333333333335,
        "map": 0.4407407407407407,
        "ndcg": 0.5094983694053098,
        "alpha_ndcg": 0.5372815511629869,
        "ild": 0.7811111111111111,
        "mrr": 0.6685185185185184
      },
      "5": {
        "precision": 0.4533333333333333,
        "recall": 0.22666666666666666,
        "map": 0.3791111111111111,
        "ndcg": 0.4693994912409967,
        "alpha_ndcg": 0.6056691255742891,
        "ild": 0.7695555555555555,
        "mrr": 0.6685185185185184
      },
      "7": {
        "precision": 0.4380952380952381,
        "recall": 0.30666666666666664,
        "map": 0.34018140589569157,
        "ndcg": 0.4558264594132967,
        "alpha_ndcg": 0.6523461435024416,
        "ild": 0.7736507936507937,
        "mrr": 0.6685185185185184
      },
      "10": {
        "precision": 0.3933333333333334,
        "recall": 0.3933333333333334,
        "map": 0.2770343915343915,
        "ndcg": 0.42254268180457116,
        "alpha_ndcg": 0.6891403869038578,
        "ild": 0.7618518518518519,
        "mrr": 0.6685185185185184
      }
    },
    "interest_metrics_by_k": {
      "1": {
        "precision": 0.4666666666666667,
        "recall": 0.15777777777777777,
        "ndcg": 0.4666666666666667,
        "mrr": 0.6555555555555554
      },
      "3": {
        "precision": 0.48888888888888893,
        "recall": 0.43174603174603177,
        "ndcg": 0.5340327790277909,
        "mrr": 0.6555555555555554
      }
    },
    "application_metrics_by_k": {
      "1": {
        "precision": 0.4666666666666667,
        "recall": 0.17407407407407405,
        "ndcg": 0.4666666666666667,
        "mrr": 0.6888888888888888
      },
      "3": {
        "precision": 0.5333333333333333,
        "recall": 0.58,
        "ndcg": 0.6048684559477618,
        "mrr": 0.6888888888888888
      }
    },
    "rdia_metrics": {
      "accuracy": 0.6444444444444444,
      "f1": 0.6444444444444444,
      "mrr": 0.7333333333333333
    },
    "catalog_coverage": 0.9767441860465116,
    "unique_recommended": 42,
    "intersection_with_projects": 42,
    "total_projects_in_folder": 43
  }